Student_ID,Year_Of_Admission,WASSCE_Year,Discipline_ID,Discipline,Aspiring_Profession,Gender,English,Mathematics,Civic Education,ICT,Literature,Government/History,Religious Studies,"Language (Yoruba, French, Igbo)",Bookkeeping,Economics,Accounting,Commerce,Marketing,Dyeing and bleaching,Physics,Chemistry,Food Nutrition,Biology,Electrical work,Agriculture,Technical Drawing
86ff68ca-88c1-433e-8e02-2ee2f28476d5,2018,2021,1,Art,Writer,Female,C,B,C,B,C,A,B,C,B,,,,,,,,,,,,
8212a84c-bd64-41a7-9666-39e1fe7e2660,2018,2021,2,Commercial,Entrepreneur,Male,B,A,A,B,,,,,,C,F,D,C,F,,,,,,,
5037d342-53b0-487e-969e-145076f49386,2018,2021,2,Commercial,Economist,Male,D,B,C,C,,,,,,C,E,D,C,A,,,,,,,
00ceff36-18df-4cc5-bed4-3b144a3ea197,2018,2021,3,Science,Food Nutritionist,Female,E,C,A,D,,,,,B,,,,,,C,C,C,,,,
c6aef2d3-74fb-4b5d-9949-7629511416a7,2018,2021,3,Science,Biologist,Male,F,D,B,D,,,,,,,,,,D,B,C,,C,,,
17702cf9-6c2f-40a9-93b9-f7fa5a6b1702,2018,2021,3,Science,Doctor,Female,E,E,C,C,,,,,,,,,,C,D,C,,B,,,
8bc66aba-0169-4817-9daf-911e82795e9a,2018,2021,1,Art,Fashion Designer,Male,D,C,A,B,D,C,C,C,C,,,,,,,,,,,,
025c8595-d75d-4ea8-9747-94454cdf4294,2018,2021,2,Commercial,Economist,Male,D,D,E,C,,,,,B,A,B,C,D,,,,,,,,
936bbe25-f8fb-4e10-9460-a21acd95efe8,2018,2021,2,Commercial,Entrepreneur,Female,B,B,E,B,,,,,,E,A,D,E,,,,,,B,,
72e00974-d2b6-49aa-8369-3422c94b7c51,2018,2021,2,Commercial,Marketer,Male,A,A,B,A,,,,,,E,B,D,A,,,,,,E,,
5a37227f-e9d3-4df8-88f8-0c5560c9900a,2018,2021,2,Commercial,Business Executive,Female,A,B,A,D,,,,,,D,B,C,C,,,,,,C,,
b21332cd-3200-4af1-b8d0-d2e82d014763,2018,2021,3,Science,Food Nutritionist,Male,D,F,A,A,,,,,,,,,,C,C,C,F,,,,
162052e4-bbbe-46dc-a5cf-9f710568b801,2018,2021,1,Art,Content Creator,Female,B,C,B,C,C,C,D,E,,,,,,C,,,,,,,
fa5d2aac-e3cb-40e4-978d-5bee03b6997a,2018,2021,1,Art,Journalist,Male,C,C,C,D,D,E,A,F,D,,,,,,,,,,,,
f04d380b-ebc1-417e-9d25-9c42910f4bd2,2018,2021,2,Commercial,Entrepreneur,Female,B,E,C,D,,,,,,E,F,D,C,,,,,,B,,
312a59f0-fec0-4b89-8bf5-4b70d798e097,2018,2021,3,Science,Food Nutritionist,Male,F,D,C,E,,,,,,,,,,F,C,E,B,,,,
4bf23997-9c5c-41fa-a548-dda1e7aa01a2,2018,2021,2,Commercial,Accountant,Female,A,B,D,C,,,,,C,E,C,D,C,,,,,,,,
21fe193b-e5c9-4932-8cb2-8ca1747020db,2018,2021,3,Science,Agriculturist,Male,C,E,C,B,,,,,,,,,,D,C,B,,,,D,
933e4224-f1aa-44e5-a979-d01434cbe6c6,2018,2021,3,Science,Food Nutritionist,Female,B,B,E,C,,,,,D,,,,,,C,B,B,,,,
f76d87ed-1d8d-4e05-a3ab-f5c59d737e55,2018,2021,3,Science,Biologist,Male,A,E,B,B,,,,,,,,,,,C,E,,D,B,,
69288978-7420-4cdd-a327-d4f2fbd591e6,2018,2021,1,Art,Actor,Male,D,B,C,B,B,C,D,D,,,,,,C,,,,,,,
f4a9de2b-86ff-4d80-bda4-e1132fa1b77b,2018,2021,1,Art,Brand Specialist,Male,A,F,C,D,B,A,A,D,D,,,,,,,,,,,,
ba69a0a8-92df-4aea-9145-c1feaf56b2d7,2018,2021,1,Art,Journalist,Female,B,F,A,A,C,C,A,D,,,,,,B,,,,,,,
ec3140ee-1fa4-4cc7-9679-151c8132802a,2018,2021,3,Science,Food Nutritionist,Female,B,E,C,B,,,,,A,,,,,,D,D,B,,,,
82840ba3-265e-4841-8616-dcc476c49e0e,2018,2021,2,Commercial,Auditor,Female,D,C,E,A,,,,,,C,D,D,F,B,,,,,,,
2bdb9452-1ae9-40e7-a0de-efaa0f321a63,2018,2021,1,Art,Fashion Designer,Male,B,C,D,E,D,D,D,C,,,,,,,,,,,B,,
23c84317-7b30-40df-914c-40b27b0395cf,2018,2021,1,Art,Fashion Designer,Male,E,C,D,D,D,C,D,B,E,,,,,,,,,,,,
3ecd8659-5613-4592-804c-43f73d07c4a1,2018,2021,1,Art,Artist,Female,C,A,A,B,A,F,C,B,,,,,,,,,,,D,,
bbf69283-dd30-46a2-ae1c-b214168f1c80,2018,2021,3,Science,Food Nutritionist,Female,C,C,C,C,,,,,,,,,,A,B,B,D,,,,
f118326c-d92d-4ab9-8800-5927d0c26e35,2018,2021,1,Art,Writer,Male,E,C,C,B,C,C,C,F,,,,,,,,,,,E,,
c4eaa399-9df6-44b1-bfd8-530ac6a5974b,2018,2021,1,Art,Actor,Male,C,B,E,C,A,C,A,B,,,,,,D,,,,,,,
10bd0551-c5b5-467c-8e71-4ee820412923,2018,2021,3,Science,Food Nutritionist,Male,C,D,C,B,,,,,A,,,,,,C,F,F,,,,
896b2f85-978f-464f-846b-dc37b48d6b98,2018,2021,2,Commercial,Auditor,Female,D,D,B,B,,,,,D,B,C,B,E,,,,,,,,
84a0fc91-d4d6-4fb8-a7c2-6a6cc87a91c1,2018,2021,2,Commercial,Marketer,Female,F,B,D,C,,,,,,C,D,B,F,D,,,,,,,
94a51ed0-5745-4d92-a4e8-3682f10463fc,2018,2021,2,Commercial,Marketer,Female,B,B,B,D,,,,,,C,C,E,C,,,,,,C,,
9df9c5d2-bc8c-46a9-a9b3-545679ba25d3,2018,2021,3,Science,Scientist,Female,C,F,C,D,,,,,B,,,,,,B,C,,C,,,
896d55e4-d5cf-4e27-9ebc-4b974ab54658,2018,2021,2,Commercial,Economist,Female,D,B,A,B,,,,,D,A,D,D,A,,,,,,,,
9cc10499-cca6-4157-b073-fcd145e696b2,2018,2021,1,Art,Artist,Male,D,A,C,C,B,C,C,C,,,,,,D,,,,,,,
d6a999f0-9a9b-47e6-b64e-153ae31f36b6,2018,2021,2,Commercial,Entrepreneur,Female,D,F,C,C,,,,,,D,F,C,C,,,,,,D,,
894402e9-b49a-4ed1-b869-f7b13b106ba7,2018,2021,2,Commercial,Accountant,Male,E,C,D,C,,,,,,C,D,C,C,,,,,,D,,
51a6f248-9df7-4902-93b7-f02ea69fa224,2018,2021,3,Science,Agriculturist,Female,C,D,C,A,,,,,,,,,,D,C,C,,,,D,
e5b071b4-acc7-4807-9b89-4cedd2381444,2018,2021,2,Commercial,Entrepreneur,Female,B,B,B,C,,,,,,B,C,A,F,,,,,,D,,
034565a4-7b8d-4ca5-97a6-80fe1ae60b27,2018,2021,1,Art,Actor,Male,B,A,B,C,A,B,A,C,,,,,,,,,,,B,,
b788b576-4401-4975-938d-dcc20ed0144a,2018,2021,1,Art,Fashion Designer,Male,A,F,A,B,F,B,F,C,,,,,,F,,,,,,,
0d261f60-4c1e-4083-9676-8af76abb4dcc,2018,2021,1,Art,Journalist,Female,D,D,B,D,C,D,F,F,,,,,,B,,,,,,,
bf783e98-896b-4c2d-9e7a-e7bb09a7568c,2018,2021,1,Art,Journalist,Female,D,C,A,D,C,D,D,C,,,,,,D,,,,,,,
1164ff58-8352-4c01-a632-7a962895abb2,2018,2021,1,Art,Lawyer,Female,F,C,A,B,C,E,B,E,B,,,,,,,,,,,,
8bbd38b9-cf33-44a7-ade6-a0f124a667f9,2018,2021,1,Art,Actor,Male,B,D,D,A,C,D,C,B,,,,,,,,,,,C,,
7d99a5d4-c56d-43ad-8fa8-ccb283a7233d,2018,2021,1,Art,Lawyer,Male,D,C,B,D,B,D,C,D,E,,,,,,,,,,,,
bffab08d-a4ea-48b3-be92-ba9965b58c87,2018,2021,3,Science,Biologist,Male,B,C,B,A,,,,,D,,,,,,A,D,,D,,,
f8e5ad2d-e7d0-49db-bc2c-60eb951a9ace,2018,2021,2,Commercial,Economist,Male,E,B,C,C,,,,,,C,D,E,F,,,,,,D,,
76e415f0-9c3e-4a84-b5c0-c2a6b93acdbf,2018,2021,3,Science,Pharmacist,Male,B,C,C,B,,,,,C,,,,,,D,B,,C,,,
32420422-ce3c-4d58-b1a8-33a3833b4c24,2018,2021,2,Commercial,Auditor,Female,D,B,C,B,,,,,,C,D,D,C,,,,,,D,,
1538c54a-f684-489b-a7ca-be81ac7b5101,2018,2021,3,Science,Architect,Male,F,D,D,B,,,,,,,,,,C,A,D,,,,,A
e5c18bba-94bd-4fae-9820-2b60205385e7,2018,2021,2,Commercial,Marketer,Male,A,D,D,A,,,,,,C,E,B,C,,,,,,A,,
97677c79-d136-468a-897d-edee2868909e,2018,2021,2,Commercial,Business Executive,Female,D,F,B,D,,,,,,A,D,B,A,,,,,,C,,
a9e49bb4-b100-4029-9893-500101b42416,2018,2021,1,Art,Brand Specialist,Male,B,B,A,C,F,C,C,B,,,,,,F,,,,,,,
d76bce22-6c5f-4bc1-af7a-eece96e873c4,2018,2021,1,Art,Brand Specialist,Female,B,C,E,B,C,A,C,E,,,,,,F,,,,,,,
ff05bb73-c75b-4fe2-a5ee-5f7bf2e0a155,2018,2021,3,Science,Scientist,Female,C,C,C,C,,,,,,,,,,C,B,C,,D,,,
0980529c-a865-4cc4-beb9-aa94efe7b179,2018,2021,2,Commercial,Auditor,Female,C,F,C,B,,,,,,C,D,B,E,,,,,,A,,
39741cb4-0155-4f4e-b8de-4b480b616c46,2018,2021,2,Commercial,Marketer,Male,F,B,A,B,,,,,,F,A,C,A,B,,,,,,,
f476eb46-d0b3-428f-9f8b-2a69198b02d2,2018,2021,3,Science,Architect,Female,F,A,D,A,,,,,D,,,,,,C,B,,,,,C
39d05db2-a7c3-469e-bba4-e5ce02dad332,2018,2021,1,Art,Journalist,Male,D,F,B,A,D,D,E,C,,,,,,E,,,,,,,
3105208b-518b-4084-be2c-4292587ab5da,2018,2021,3,Science,Food Nutritionist,Male,C,E,A,A,,,,,,,,,,,A,D,E,,B,,
344a5357-bbac-4cfb-ae84-0f68dd62ff94,2018,2021,1,Art,Lawyer,Male,D,B,C,B,C,D,B,D,,,,,,,,,,,A,,
6c5ed5c0-cfb2-40b0-97be-64ff65da91cc,2018,2021,1,Art,Journalist,Female,B,B,C,D,A,C,F,B,,,,,,,,,,,B,,
34b51116-27ce-4377-960a-bf0a4a1d4820,2018,2021,2,Commercial,Marketer,Male,C,C,D,C,,,,,D,C,F,D,C,,,,,,,,
8c186337-6f8b-47f9-9471-7987440f8bc6,2018,2021,3,Science,Agriculturist,Male,B,D,A,A,,,,,,,,,,,C,C,,,C,A,
0dcc8b74-f96a-4b9e-866b-2c32f54525d1,2018,2021,3,Science,Agriculturist,Female,C,D,C,A,,,,,F,,,,,,D,A,,,,B,
78c0a0e0-52ff-4300-9956-4715de4a40cd,2018,2021,3,Science,Architect,Male,C,F,D,B,,,,,,,,,,E,C,D,,,,,C
124b2005-1c08-4d8f-abbd-127d5e5b8e62,2018,2021,2,Commercial,Entrepreneur,Female,E,F,A,A,,,,,,C,B,D,C,,,,,,C,,
b62f04d5-93b4-4362-b0a1-8fdd464c428a,2018,2021,2,Commercial,Auditor,Male,B,C,C,B,,,,,A,C,B,C,C,,,,,,,,
acd39f88-ecb7-4820-94f7-d4df7fb6f97f,2018,2021,1,Art,Actor,Male,A,B,A,B,C,C,F,E,,,,,,C,,,,,,,
caad834b-8757-474d-991f-eedef8552110,2018,2021,3,Science,Scientist,Female,E,F,A,C,,,,,F,,,,,,C,B,,B,,,
71ce1402-63d3-478d-b46a-07a186f4d260,2018,2021,3,Science,Scientist,Female,C,B,E,C,,,,,,,,,,,E,C,,F,E,,
6380ee7c-36fe-4973-801e-605f2f023180,2018,2021,2,Commercial,Business Executive,Male,E,A,C,D,,,,,,C,D,D,B,,,,,,D,,
0fc956bf-d469-4500-bd69-38001be46b6e,2018,2021,1,Art,Brand Specialist,Female,A,E,B,A,C,B,C,C,,,,,,C,,,,,,,
6ded8b71-ead1-4f5f-b4b6-da150490a67b,2018,2021,2,Commercial,Economist,Male,C,C,C,B,,,,,C,E,B,D,B,,,,,,,,
355ea382-592c-4f10-8362-24cf0652c84c,2018,2021,1,Art,Writer,Female,B,C,C,B,E,F,B,E,C,,,,,,,,,,,,
ab487ea1-cf9e-4fec-87f5-18753b62d72e,2018,2021,1,Art,Content Creator,Female,B,A,C,A,C,D,B,D,,,,,,,,,,,D,,
84926750-7049-4917-bc73-ab8d0496230d,2018,2021,1,Art,Content Creator,Male,A,E,B,B,B,E,D,B,,,,,,,,,,,D,,
3f83775d-2fec-4549-8412-fc8735197f99,2018,2021,3,Science,Biologist,Female,B,E,B,B,,,,,,,,,,,C,F,,F,F,,
d9a65fa4-37cb-48cb-aa2d-6ea31cad2d80,2018,2021,1,Art,Content Creator,Male,B,C,B,D,D,E,C,D,,,,,,A,,,,,,,
0018ebb7-6fb7-49e1-a7a3-553a973a31bc,2018,2021,2,Commercial,Auditor,Female,F,A,C,D,,,,,,C,C,D,E,A,,,,,,,
27493eb8-f95a-455e-bda6-f50ff17841f0,2018,2021,2,Commercial,Economist,Female,C,B,A,B,,,,,,C,C,D,B,C,,,,,,,
d4fa9008-b6c1-4cb4-b3a9-3a29a5d46848,2018,2021,3,Science,Architect,Female,B,C,B,C,,,,,,,,,,C,A,A,,,,,C
514ba5e8-e31c-41e1-a3e5-92794d75efbb,2018,2021,2,Commercial,Business Executive,Female,A,D,D,B,,,,,E,C,D,E,C,,,,,,,,
7becf34b-28fe-49af-aade-082cb7e86182,2018,2021,1,Art,Artist,Female,E,F,A,B,B,C,E,D,E,,,,,,,,,,,,
4cc4a6d3-5619-44b0-b7e8-ac09870c4b96,2018,2021,2,Commercial,Accountant,Female,A,B,C,C,,,,,B,D,C,D,A,,,,,,,,
c20d9069-540e-4bc7-b131-e90aa10e285f,2018,2021,1,Art,Fashion Designer,Male,D,C,B,B,B,F,C,E,B,,,,,,,,,,,,
41b8ffae-4346-469a-9228-3205b56041df,2018,2021,1,Art,Actor,Male,C,C,A,B,C,B,F,F,C,,,,,,,,,,,,
57effd3d-cec3-4e29-b48b-50ebdc40605c,2018,2021,3,Science,Architect,Female,B,D,A,B,,,,,C,,,,,,C,C,,,,,C
38e854b4-2924-44ac-a82f-044392839e17,2018,2021,1,Art,Artist,Male,B,C,D,B,E,C,C,D,,,,,,B,,,,,,,
90efaf33-ee35-444e-8212-2145b87b8481,2018,2021,2,Commercial,Marketer,Female,A,D,C,B,,,,,,D,C,B,B,B,,,,,,,
7dd0710b-fc80-4176-a044-3fe21d5bf5ba,2018,2021,3,Science,Biologist,Male,C,B,C,C,,,,,,,,,,B,E,C,,C,,,
4971c18f-2dbc-46f4-be04-734c865ae6d9,2018,2021,2,Commercial,Entrepreneur,Female,D,C,D,B,,,,,C,C,B,D,C,,,,,,,,
1243875e-f7e6-448e-be02-d26db3dcbebc,2018,2021,2,Commercial,Auditor,Female,B,A,A,B,,,,,,D,C,B,E,D,,,,,,,
93c8e531-5e65-4249-b09e-66d63c9cf8f7,2018,2021,2,Commercial,Entrepreneur,Female,F,E,C,B,,,,,B,D,C,E,C,,,,,,,,
a39b1ac6-85bb-4873-8ea8-47ea6956bed8,2018,2021,3,Science,Pharmacist,Male,A,D,B,A,,,,,,,,,,,B,B,,D,B,,
534019dd-7c7c-4004-9b27-0cff6588d153,2018,2021,2,Commercial,Business Executive,Male,B,C,A,C,,,,,,A,E,B,C,C,,,,,,,
af331786-a7dc-436c-9662-4854167554df,2018,2021,2,Commercial,Auditor,Female,E,D,A,A,,,,,A,B,A,F,D,,,,,,,,
a2db7877-13e2-4fa6-aa57-9e1390c5981d,2018,2021,1,Art,Journalist,Female,C,B,A,D,C,A,C,A,,,,,,,,,,,D,,
3428a5d1-1139-411d-8d2b-5f9e6e67fbeb,2018,2021,3,Science,Scientist,Male,D,C,C,C,,,,,B,,,,,,C,C,,B,,,
80d6cc69-a4f4-49ea-8707-e05ac9f82aac,2018,2021,1,Art,Brand Specialist,Male,E,E,A,A,C,B,D,D,C,,,,,,,,,,,,
589e6f8c-efdf-4e6a-ba46-b763cf44de5e,2018,2021,1,Art,Artist,Male,C,F,E,D,C,E,B,D,C,,,,,,,,,,,,
ff5897bd-a7d8-43ae-927c-a4e70c901e07,2018,2021,3,Science,Architect,Male,E,B,B,A,,,,,,,,,,D,C,C,,,,,D
13f0e0b1-9d6b-4f96-9f43-af27a5a9f7de,2018,2021,3,Science,Architect,Male,D,C,E,C,,,,,,,,,,D,D,A,,,,,B
91dad8f9-af02-411a-8bc1-4b949e5f41f9,2018,2021,1,Art,Journalist,Female,E,C,E,B,C,F,A,F,,,,,,D,,,,,,,
8fea5b2c-e1f7-44f8-94c3-bed11579b19b,2018,2021,3,Science,Biologist,Male,C,B,B,D,,,,,,,,,,F,C,B,,C,,,
de5c1567-85eb-45ec-ae75-b5c8c2b09d85,2018,2021,1,Art,Lawyer,Male,A,C,C,D,F,A,F,D,,,,,,,,,,,B,,
1622fc0a-ec07-4740-9575-b685c0d3fc4f,2018,2021,2,Commercial,Entrepreneur,Female,B,C,D,A,,,,,,C,D,C,D,C,,,,,,,
782a1776-96cd-40a0-b1e5-a1658decd891,2018,2021,1,Art,Brand Specialist,Female,A,C,C,A,C,C,E,F,,,,,,F,,,,,,,
15ebf7d9-7df4-4500-8234-74274d433785,2018,2021,3,Science,Architect,Male,A,E,B,C,,,,,,,,,,C,D,B,,,,,B
3a3455b9-ca35-4818-8073-17eee3190d30,2018,2021,2,Commercial,Business Executive,Male,D,B,B,B,,,,,,E,B,C,D,C,,,,,,,
4882d336-49ca-4ce1-8b3e-775ebdd6bdba,2018,2021,2,Commercial,Accountant,Male,D,C,B,A,,,,,,F,B,B,C,,,,,,B,,
285f11c3-eb99-4ecd-82b9-33666ec8683c,2018,2021,1,Art,Writer,Female,D,C,A,C,F,A,C,B,,,,,,,,,,,C,,
f5b603ad-6c4a-4e9f-aad9-729bc6c934db,2018,2021,3,Science,Architect,Female,C,C,A,D,,,,,,,,,,D,C,B,,,,,E
8465bd4b-0df1-4c32-ac94-bac693e41a73,2018,2021,3,Science,Architect,Female,D,D,C,C,,,,,,,,,,,B,B,,,B,,D
a54482fb-9ad9-4225-b043-c09ed3b7942d,2018,2021,1,Art,Journalist,Male,F,C,C,B,A,E,F,C,,,,,,C,,,,,,,
280b674b-7df1-4ee2-887d-9a53df61bd01,2018,2021,1,Art,Artist,Male,A,D,A,C,C,D,C,C,C,,,,,,,,,,,,
b38eeee8-da4f-4655-8c16-d5bc3b4b3af0,2018,2021,2,Commercial,Economist,Male,C,D,A,C,,,,,,A,C,F,A,F,,,,,,,
74c0e9af-724b-42fa-bf2c-cd6d60826054,2018,2021,1,Art,Actor,Male,C,F,B,C,A,C,E,C,B,,,,,,,,,,,,
bff7e15a-f23b-41d8-a1f0-0dd566274ae0,2018,2021,1,Art,Content Creator,Male,C,C,C,A,B,C,B,D,B,,,,,,,,,,,,
ed6e95ca-0a45-4c7a-82de-0b1621999860,2018,2021,2,Commercial,Economist,Male,B,A,C,C,,,,,E,C,B,D,C,,,,,,,,
52662746-7558-4403-be62-efeb024c4355,2018,2021,3,Science,Scientist,Male,C,E,A,A,,,,,B,,,,,,C,C,,C,,,
2f216546-9f22-4914-8d38-d7b3362bade7,2018,2021,2,Commercial,Marketer,Female,F,A,C,C,,,,,,B,F,D,A,E,,,,,,,
30e38841-6d7f-464f-bafc-8649acbe6342,2018,2021,1,Art,Actor,Female,C,C,B,D,D,D,C,C,B,,,,,,,,,,,,
7de10de1-fdd2-4073-ae61-6bcae2aa19c7,2018,2021,3,Science,Food Nutritionist,Male,F,B,A,C,,,,,,,,,,A,C,F,B,,,,
bb99e84f-9c7a-44eb-98bc-57d2e5293d87,2018,2021,1,Art,Brand Specialist,Female,D,D,C,B,C,B,C,E,,,,,,,,,,,D,,
c3035a20-1f82-493f-b78a-bdc603ad5ee0,2018,2021,3,Science,Doctor,Male,E,B,B,A,,,,,,,,,,C,E,D,,A,,,
77cc82a4-f3c1-4715-874c-2899263211ff,2018,2021,1,Art,Content Creator,Male,E,E,B,A,B,F,B,F,,,,,,,,,,,C,,
bcb7ebe3-39b2-460e-8b34-fa6b5b225cdc,2018,2021,3,Science,Doctor,Male,B,C,A,C,,,,,D,,,,,,A,A,,B,,,
edc71756-4f38-4bd0-8fae-4c7ac1559914,2018,2021,3,Science,Scientist,Female,C,A,A,C,,,,,D,,,,,,A,E,,B,,,
60c188d7-ab4d-4ed8-b293-54cc62e4ddce,2018,2021,1,Art,Writer,Male,B,A,B,C,C,C,F,C,,,,,,B,,,,,,,
b277474d-14c0-4f4d-8e9f-6f72a8412de0,2018,2021,3,Science,Biologist,Male,C,C,D,B,,,,,,,,,,,C,D,,B,B,,
24ccacee-8360-475c-b68b-9e757836b72d,2018,2021,2,Commercial,Auditor,Female,B,D,A,C,,,,,C,D,C,E,D,,,,,,,,
2524cd1b-53c0-4651-b433-adf4ea06bd41,2018,2021,1,Art,Fashion Designer,Female,F,A,C,C,C,B,B,C,,,,,,C,,,,,,,
621ce486-ddbd-459b-9e25-26839d6bdd91,2018,2021,1,Art,Writer,Female,E,C,B,D,D,C,C,F,B,,,,,,,,,,,,
16ac48ca-a6fd-4edf-b024-1db30881a6c3,2018,2021,3,Science,Architect,Male,C,B,A,C,,,,,B,,,,,,D,A,,,,,D
e3e743ac-49d1-4c7a-9d0a-a11eedcccce5,2018,2021,2,Commercial,Entrepreneur,Male,D,C,B,A,,,,,,C,D,C,C,C,,,,,,,
dffe1d21-8a6a-422c-9249-6d5ab9b1daa4,2018,2021,1,Art,Brand Specialist,Male,F,B,C,A,F,C,D,C,,,,,,D,,,,,,,
5c19e31d-f305-4afe-9d33-61c90bdea879,2018,2021,1,Art,Artist,Female,F,C,B,C,C,C,C,C,,,,,,C,,,,,,,
fa5c468d-f89f-40ea-a183-6530b7c46d16,2018,2021,3,Science,Food Nutritionist,Female,B,D,C,B,,,,,,,,,,C,D,C,C,,,,
dd4a5f15-f231-4375-8ea5-a7fcb5d5cad7,2018,2021,2,Commercial,Auditor,Female,C,B,C,E,,,,,,B,C,C,C,,,,,,B,,
3dde2a57-3f1d-4466-bbec-3a4a888dfb30,2018,2021,2,Commercial,Economist,Male,B,C,C,D,,,,,,C,C,B,A,,,,,,B,,
b57d243e-8219-468b-898d-a55b831076e6,2018,2021,3,Science,Doctor,Male,B,A,C,A,,,,,,,,,,B,A,C,,E,,,
c98b2a11-f3d8-4173-94b6-a64c1499a900,2018,2021,1,Art,Actor,Female,C,B,A,B,B,B,C,C,D,,,,,,,,,,,,
03b64d5c-2fb4-4e3a-86fd-65fb0d1fd5d3,2018,2021,2,Commercial,Business Executive,Female,D,A,E,B,,,,,,A,A,C,C,,,,,,C,,
eee6e121-9018-4fb8-828d-fe12bc001119,2018,2021,2,Commercial,Marketer,Female,C,B,A,C,,,,,,B,C,B,C,D,,,,,,,
7c95031a-7dfa-4b04-98bb-59fffaaedae8,2018,2021,1,Art,Content Creator,Male,F,B,C,A,C,E,C,F,,,,,,E,,,,,,,
10474815-6c19-4043-b7b4-f0527ea84553,2019,2022,2,Commercial,Business Executive,Female,E,E,B,B,,,,,,D,A,A,C,,,,,,E,,
d2250c87-7ab6-4a47-af59-90158571d614,2019,2022,3,Science,Doctor,Female,C,F,D,B,,,,,,,,,,D,B,B,,D,,,
9f686a84-a8b9-4b11-8d5c-a300aef1c94e,2019,2022,1,Art,Fashion Designer,Female,A,A,B,D,B,C,F,D,,,,,,,,,,,C,,
cb8deff0-d1e1-4f08-9330-ecde2ead50a8,2019,2022,1,Art,Lawyer,Male,C,B,D,B,E,C,E,C,,,,,,B,,,,,,,
cccb168a-77b1-4f7f-814a-4c03096e54d4,2019,2022,3,Science,Food Nutritionist,Female,D,C,C,A,,,,,,,,,,E,F,D,C,,,,
b1c3aeef-3762-44ad-834e-79c484ac0071,2019,2022,2,Commercial,Economist,Female,B,C,D,C,,,,,,C,B,D,F,B,,,,,,,
36f396f5-1b5f-4020-8fdb-8f1508d41032,2019,2022,1,Art,Brand Specialist,Female,D,C,B,B,B,D,E,D,,,,,,D,,,,,,,
a7c266c3-820a-4cdd-8ee0-77a546c6d5c6,2019,2022,1,Art,Content Creator,Male,A,A,B,C,C,C,D,F,,,,,,,,,,,C,,
b5425752-7628-4134-9664-4ba8f56df1fa,2019,2022,2,Commercial,Business Executive,Female,D,D,D,C,,,,,,C,C,D,C,,,,,,C,,
d2b7c7ca-ac3e-4711-a57f-eb80b7d07d3e,2019,2022,3,Science,Scientist,Male,E,F,A,D,,,,,,,,,,,C,E,,D,F,,
d6451073-84ad-4124-aaa7-aac38ca278f3,2019,2022,3,Science,Food Nutritionist,Female,F,E,A,E,,,,,,,,,,F,C,C,C,,,,
aa4f02bc-c7e2-43bf-9de6-2d99cd368e1d,2019,2022,2,Commercial,Auditor,Female,D,B,C,D,,,,,,F,C,D,A,B,,,,,,,
043c3f82-8aff-4d8d-961f-1cb223e3855b,2019,2022,3,Science,Doctor,Male,D,A,B,C,,,,,C,,,,,,E,D,,E,,,
a76f11b1-d210-4a42-918f-c60bfe483e89,2019,2022,3,Science,Food Nutritionist,Female,D,D,D,B,,,,,,,,,,,C,C,F,,D,,
fef3bb8d-3dd8-4d25-ac85-ff6825a31090,2019,2022,1,Art,Fashion Designer,Female,C,D,A,A,B,C,F,E,C,,,,,,,,,,,,
9145c13f-7f64-416f-a26c-d71be64253e4,2019,2022,3,Science,Doctor,Female,F,B,A,B,,,,,B,,,,,,D,C,,C,,,
0e75dfd2-42b3-4205-aa6f-64002b232f57,2019,2022,2,Commercial,Accountant,Male,A,C,C,A,,,,,A,C,B,E,D,,,,,,,,
2f437f49-ef53-4086-882c-f9b841b5249e,2019,2022,2,Commercial,Accountant,Male,D,B,C,A,,,,,A,C,B,C,C,,,,,,,,
47aaf989-68bb-40bd-a2bf-257951debb3f,2019,2022,1,Art,Lawyer,Male,C,A,B,B,B,C,E,C,,,,,,C,,,,,,,
45504621-b053-4680-87da-9fc1782f45ac,2019,2022,2,Commercial,Accountant,Female,C,B,B,A,,,,,,B,F,C,F,A,,,,,,,
6a254c39-c7ae-4e79-afbc-8b095730c8fd,2019,2022,1,Art,Content Creator,Male,B,C,C,B,D,D,B,B,,,,,,,,,,,D,,
e301b65b-8d04-4f1c-bc76-17dc3fe70ff4,2019,2022,3,Science,Biologist,Male,E,C,D,C,,,,,,,,,,D,A,B,,D,,,
9604205f-3c9d-440b-87d1-ce8946133a53,2019,2022,3,Science,Scientist,Female,D,A,C,C,,,,,C,,,,,,C,B,,C,,,
763eb8a9-c44a-44bc-b3af-d4b9f6c0de31,2019,2022,1,Art,Artist,Female,C,B,E,A,D,C,F,A,,,,,,,,,,,A,,
6ea5ab43-4add-4885-90d0-a1378b00e083,2019,2022,1,Art,Lawyer,Female,C,F,C,D,C,B,A,A,,,,,,C,,,,,,,
ec524ce6-84d7-4a82-bfbf-2a1a5869166b,2019,2022,3,Science,Biologist,Male,C,F,C,C,,,,,A,,,,,,E,A,,C,,,
b53f736d-5090-4302-a345-b5008a097f02,2019,2022,1,Art,Journalist,Female,A,C,A,C,A,C,B,D,,,,,,C,,,,,,,
eb2e0492-5009-40b1-9d72-58e6f8991ec3,2019,2022,3,Science,Pharmacist,Female,E,C,B,C,,,,,,,,,,D,F,E,,E,,,
a0bf3a28-f8c7-4699-807b-8504201453e3,2019,2022,2,Commercial,Economist,Male,C,C,B,B,,,,,C,F,B,A,D,,,,,,,,
eefe68ec-210d-4e37-895a-7d5e1e7f8705,2019,2022,3,Science,Food Nutritionist,Male,C,B,D,B,,,,,,,,,,,C,D,C,,D,,
4cec09b2-53b6-4122-b9e2-e3d73ce17bdf,2019,2022,3,Science,Doctor,Female,E,C,C,B,,,,,,,,,,E,F,C,,F,,,
c57fd96f-d8a9-4985-bcb6-fd17e4badf6b,2019,2022,3,Science,Pharmacist,Female,A,C,B,A,,,,,B,,,,,,D,A,,D,,,
6b92830a-41aa-4184-952f-f16c534097e9,2019,2022,1,Art,Lawyer,Male,D,C,C,C,C,C,A,E,,,,,,C,,,,,,,
ed014d57-9d86-4666-b699-229edfd486c0,2019,2022,3,Science,Biologist,Male,D,A,B,A,,,,,,,,,,,D,B,,B,A,,
3c96db02-b0db-4bb0-9c02-9be79277ef19,2019,2022,1,Art,Writer,Female,F,B,D,B,E,C,A,C,,,,,,E,,,,,,,
50cc49e6-e01c-43af-b321-e6b3f4da6b8c,2019,2022,1,Art,Journalist,Male,B,D,C,C,B,C,F,B,,,,,,A,,,,,,,
514f2672-8801-4cea-82aa-f95f68359836,2019,2022,2,Commercial,Accountant,Male,A,D,A,B,,,,,,F,B,C,B,E,,,,,,,
baa89c5a-7721-411b-b462-cb60f5bffd92,2019,2022,1,Art,Journalist,Female,C,B,C,B,E,B,D,C,,,,,,A,,,,,,,
977fd043-21d0-46fb-93dc-aa4275248d07,2019,2022,3,Science,Architect,Male,D,B,B,A,,,,,,,,,,,C,E,,,C,,C
2c4150cb-ef5d-4e9c-a915-c509356eb82f,2019,2022,2,Commercial,Marketer,Male,D,E,A,D,,,,,,D,C,C,D,C,,,,,,,
da94864c-fa7c-4070-be27-48c7b2dc6f31,2019,2022,3,Science,Biologist,Male,E,F,C,A,,,,,,,,,,E,E,B,,C,,,
dd81349c-9630-4cdd-a5b5-45b49d34cf45,2019,2022,2,Commercial,Auditor,Male,B,B,D,B,,,,,,B,C,C,E,,,,,,A,,
0004ff2c-c4a2-4dee-a17d-1c1eae414688,2019,2022,1,Art,Journalist,Male,C,D,C,B,F,D,B,F,,,,,,E,,,,,,,
1596cbb9-68f9-424e-9e41-4aee50dced47,2019,2022,3,Science,Doctor,Female,B,D,A,E,,,,,,,,,,,B,B,,E,E,,
4386c938-0078-4d4c-be62-e9c78fe126ef,2019,2022,2,Commercial,Economist,Female,C,B,C,B,,,,,,E,D,F,E,,,,,,A,,
ebba99bf-d427-4a85-8250-f7faf0052faf,2019,2022,2,Commercial,Auditor,Female,F,B,B,C,,,,,F,A,A,B,C,,,,,,,,
9482d64f-3dc5-4e7d-95a2-84657e77ea18,2019,2022,3,Science,Doctor,Female,C,D,C,C,,,,,,,,,,D,E,F,,A,,,
ba614ff3-81c2-424d-a99e-22d24e99466a,2019,2022,2,Commercial,Economist,Female,C,D,D,E,,,,,,B,B,D,A,,,,,,C,,
0fa6985c-3df8-4490-a887-c61adfc00749,2019,2022,3,Science,Food Nutritionist,Female,C,A,A,A,,,,,D,,,,,,E,C,D,,,,
6710ac60-7bd0-4d3e-a38a-d0418e7d36e5,2019,2022,3,Science,Doctor,Male,D,D,C,C,,,,,,,,,,A,D,C,,F,,,
095a5c70-0098-4fd3-950e-a4c321146bf1,2019,2022,1,Art,Brand Specialist,Male,C,C,B,B,C,D,C,C,,,,,,F,,,,,,,
81555d3a-3d5d-4392-91b2-d61350d39026,2019,2022,2,Commercial,Business Executive,Male,A,F,D,C,,,,,,B,C,A,F,A,,,,,,,
226ecfde-600d-4531-bcba-26b4dc638487,2019,2022,3,Science,Agriculturist,Female,A,C,C,B,,,,,,,,,,,C,D,,,A,C,
155a97ad-6b8c-4fa7-9dfe-aa9575b2e68f,2019,2022,1,Art,Writer,Female,D,E,B,C,B,E,D,A,,,,,,,,,,,D,,
67ac5821-74fd-420b-ad81-b4ba9766730f,2019,2022,1,Art,Brand Specialist,Male,D,C,B,A,C,C,C,B,B,,,,,,,,,,,,
5a20ef73-33b5-43d5-853b-36277728aa53,2019,2022,1,Art,Writer,Male,E,A,B,C,B,C,C,B,,,,,,D,,,,,,,
09c6b9b8-e17f-4655-a6f2-213ddb1c51c4,2019,2022,2,Commercial,Marketer,Female,D,B,A,A,,,,,D,A,B,C,B,,,,,,,,
7eaa6315-fde4-48d7-a107-849288212d5e,2019,2022,1,Art,Brand Specialist,Male,A,B,D,A,B,E,C,C,,,,,,,,,,,D,,
e1d63548-8b30-40db-abcd-b5b054701d1a,2019,2022,3,Science,Doctor,Female,D,D,C,C,,,,,D,,,,,,C,D,,C,,,
adaa55d0-0c94-4c19-aadd-31f6bd8efd82,2019,2022,3,Science,Agriculturist,Female,D,C,C,C,,,,,B,,,,,,C,A,,,,C,
e0be9e84-b772-4866-89c7-c7338768f9b5,2019,2022,1,Art,Lawyer,Male,B,D,D,A,B,B,D,C,C,,,,,,,,,,,,
fc91e8b8-9fa7-4d23-9dbd-52cf8add467c,2019,2022,1,Art,Lawyer,Female,C,C,B,C,C,F,B,B,,,,,,E,,,,,,,
b5fe1293-04b3-4c2a-9f1e-e05ebf65436c,2019,2022,3,Science,Agriculturist,Female,C,C,C,A,,,,,,,,,,C,C,A,,,,F,
8fcf4a60-e6dd-4c81-b102-4fac8aa6bc3a,2019,2022,2,Commercial,Auditor,Male,F,D,C,B,,,,,,E,C,C,D,,,,,,F,,
ec01fc26-9ae7-4bc1-aff3-482cee911922,2019,2022,1,Art,Lawyer,Female,C,C,A,B,E,C,B,E,,,,,,C,,,,,,,
914a1045-f49a-4e38-bd92-490feaea924e,2019,2022,3,Science,Scientist,Female,B,C,B,B,,,,,,,,,,,F,B,,C,F,,
bd783fd7-3e35-4661-a4a8-ff8cabdb0ec5,2019,2022,1,Art,Writer,Male,E,A,E,C,B,C,D,A,,,,,,,,,,,A,,
d3ffd23e-e25e-405f-9657-4ca766dcb6dd,2019,2022,1,Art,Journalist,Male,F,B,B,D,F,B,C,C,C,,,,,,,,,,,,
aac31919-0bc5-44d5-8c9d-1da6e4b08ca0,2019,2022,3,Science,Biologist,Male,B,F,A,A,,,,,C,,,,,,B,B,,C,,,
2cc0962d-df78-4fe0-87fd-75bfd41a006b,2019,2022,3,Science,Pharmacist,Female,A,B,C,C,,,,,,,,,,,C,B,,F,E,,
d7cb5245-99f9-481c-83f7-0e72d53ced36,2019,2022,1,Art,Actor,Female,F,E,D,C,C,E,D,D,,,,,,C,,,,,,,
fd88b1fa-e20b-4ddc-b287-894c3e579220,2019,2022,2,Commercial,Entrepreneur,Male,C,C,A,D,,,,,B,C,C,D,D,,,,,,,,
8ad0430a-b7c5-465f-9ece-aadf65848d2e,2019,2022,1,Art,Actor,Male,C,A,A,A,C,D,A,B,C,,,,,,,,,,,,
6be515c1-93de-4ea6-8d4b-00f76136221d,2019,2022,2,Commercial,Economist,Male,F,E,C,B,,,,,,C,D,A,D,,,,,,C,,
b6052292-6d04-4357-9cb5-d1b4108149ee,2019,2022,2,Commercial,Economist,Female,F,D,B,B,,,,,E,B,A,B,E,,,,,,,,
67c8be86-b9e4-4caf-a175-66efc8138e5a,2019,2022,2,Commercial,Marketer,Male,F,E,C,C,,,,,,C,D,C,D,,,,,,C,,
72794770-4d19-4efa-9348-931382cfebb8,2019,2022,3,Science,Biologist,Male,F,D,B,C,,,,,,,,,,,C,D,,E,D,,
c39f9c50-6c40-4285-a5f8-5babe7c5ed72,2019,2022,1,Art,Content Creator,Female,D,A,B,B,D,C,F,C,B,,,,,,,,,,,,
d7046999-ac30-4c95-8416-3385d4b22632,2019,2022,3,Science,Scientist,Female,F,C,E,B,,,,,B,,,,,,D,E,,E,,,
5e1e0460-5352-4bb0-aa07-aecc09207a42,2019,2022,3,Science,Biologist,Female,B,C,B,A,,,,,,,,,,,B,E,,B,B,,
f7ac137a-72b3-4c71-9fd0-01b9d702afcc,2019,2022,1,Art,Artist,Female,C,F,C,A,C,C,C,C,D,,,,,,,,,,,,
2b47abb2-bb55-4366-ab67-316b160cdd31,2019,2022,1,Art,Artist,Female,D,C,B,C,D,F,D,D,,,,,,,,,,,D,,
8f6275c7-3954-45f0-bb7b-39069a452d9d,2019,2022,2,Commercial,Business Executive,Male,D,C,B,C,,,,,,D,A,D,A,,,,,,A,,
47310595-4184-4762-b00b-ee5273cde17c,2019,2022,2,Commercial,Marketer,Female,C,A,A,A,,,,,,E,E,F,D,B,,,,,,,
d5c81c40-6ffd-4233-82e5-de15c38aee44,2019,2022,3,Science,Food Nutritionist,Male,E,D,B,B,,,,,,,,,,,C,B,A,,B,,
4651a73f-6a3b-478b-84f5-8a0cdfbc1143,2019,2022,2,Commercial,Business Executive,Female,F,C,C,D,,,,,,C,C,B,D,C,,,,,,,
8c2ba92d-e418-49a1-9bd6-03ff52fa57f5,2019,2022,3,Science,Doctor,Male,B,A,C,D,,,,,D,,,,,,D,B,,B,,,
9bd844ac-91db-4c2c-a1ba-18c014c45ec1,2019,2022,2,Commercial,Entrepreneur,Female,B,C,B,A,,,,,,C,C,E,C,F,,,,,,,
0ad6fa43-e277-45e5-98cf-8d8abf7a0dc7,2019,2022,2,Commercial,Marketer,Male,D,D,C,A,,,,,E,C,D,D,D,,,,,,,,
3564785f-b25b-4639-94fa-69be69ad53a4,2019,2022,2,Commercial,Economist,Male,F,C,C,A,,,,,,C,C,C,F,,,,,,B,,
a6162003-6be7-4fb1-a904-7bddb71d7af8,2019,2022,2,Commercial,Marketer,Male,F,C,B,D,,,,,,F,C,C,C,F,,,,,,,
0cac0356-3bd9-4f78-a014-fa4d3c2b1879,2019,2022,2,Commercial,Entrepreneur,Female,A,C,C,A,,,,,D,A,F,D,D,,,,,,,,
0a5c5817-5622-45c2-8695-e47fc78ec8f0,2019,2022,2,Commercial,Marketer,Male,B,B,B,B,,,,,,F,B,D,D,,,,,,A,,
e1444598-56f8-4531-b267-89f45f50a69b,2019,2022,2,Commercial,Auditor,Male,C,C,B,B,,,,,,C,C,D,B,,,,,,E,,
6fd3bcc4-8895-4b1e-b3ca-82b04639c1b6,2019,2022,2,Commercial,Economist,Female,A,A,A,C,,,,,E,D,A,C,D,,,,,,,,
1b9c79a5-a8bc-487c-b4bd-caf0351f6338,2019,2022,3,Science,Biologist,Female,C,D,B,C,,,,,,,,,,,E,C,,E,C,,
80237e8d-8da1-4bf6-b7f0-f6f0fa5f96f1,2019,2022,2,Commercial,Economist,Female,D,C,C,A,,,,,,A,E,B,B,B,,,,,,,
5adfa2e8-8493-4845-a0ec-6dcb412f104d,2019,2022,2,Commercial,Business Executive,Male,F,A,B,B,,,,,B,C,F,E,C,,,,,,,,
e6e74520-5f1e-48f7-8c23-e6948e40bce2,2019,2022,1,Art,Brand Specialist,Female,B,C,A,B,C,B,B,D,C,,,,,,,,,,,,
9ce056e9-2e1d-4020-8262-2d7a7003a367,2019,2022,3,Science,Scientist,Female,A,D,C,C,,,,,,,,,,C,B,A,,F,,,
97b586fc-0c32-45e7-b476-f2fc95c0ab91,2019,2022,1,Art,Journalist,Male,D,A,C,A,D,C,D,F,,,,,,E,,,,,,,
7f25cfd4-98db-4687-be50-10e94a2defff,2019,2022,2,Commercial,Marketer,Female,A,D,C,B,,,,,D,B,C,C,C,,,,,,,,
f4030af9-ce4f-4ccb-9ce1-81b12488ab34,2019,2022,1,Art,Lawyer,Male,D,A,C,E,F,D,C,A,C,,,,,,,,,,,,
24a3c153-5193-45f8-93c3-6c6a51b05fe3,2019,2022,3,Science,Doctor,Female,A,B,D,D,,,,,,,,,,C,C,B,,D,,,
2db0790a-9260-46d4-aadd-ff037cf25a5d,2019,2022,3,Science,Pharmacist,Male,C,B,A,C,,,,,D,,,,,,F,C,,C,,,
6ce4775e-befd-424a-b712-7046c1ac069c,2019,2022,3,Science,Scientist,Male,C,C,B,B,,,,,,,,,,C,A,C,,B,,,
3400890c-bfc1-4354-92ea-bb170791fc61,2019,2022,1,Art,Lawyer,Female,C,D,B,B,D,D,C,D,,,,,,C,,,,,,,
4ee08060-e52a-48f0-baa6-f3d8cadb4e6a,2019,2022,2,Commercial,Business Executive,Female,B,E,C,C,,,,,,F,E,C,A,B,,,,,,,
8882470b-b584-4c12-b523-c210c07b4b72,2019,2022,2,Commercial,Accountant,Female,B,B,D,A,,,,,,B,F,A,A,C,,,,,,,
a8286db9-f68a-46da-98ae-047b994a708b,2019,2022,1,Art,Writer,Female,F,B,B,B,D,D,B,B,C,,,,,,,,,,,,
74398540-c789-4e11-99b5-3217afb095b1,2019,2022,1,Art,Lawyer,Male,C,D,C,D,D,F,B,C,,,,,,F,,,,,,,
cfc8f0e5-a5ee-45be-8bb3-19c746fe7bae,2019,2022,3,Science,Biologist,Female,B,D,B,C,,,,,,,,,,,D,D,,C,B,,
d51a0087-72d3-475d-bba7-7eccabad8adc,2019,2022,2,Commercial,Business Executive,Female,C,E,A,D,,,,,,C,E,D,F,,,,,,C,,
c7ad9e7e-8cda-4f40-abe6-f03b5d3dd7ec,2019,2022,1,Art,Brand Specialist,Female,E,C,A,B,A,B,D,C,D,,,,,,,,,,,,
3e208d37-0be2-4b6b-ab87-897c668909c8,2019,2022,2,Commercial,Economist,Male,B,F,B,D,,,,,,D,D,C,F,D,,,,,,,
cf634b2e-ebd6-468d-b59c-039b6c6d61b8,2019,2022,3,Science,Pharmacist,Male,B,C,E,C,,,,,F,,,,,,C,C,,B,,,
0ac2b16c-a179-4bca-8696-97299bf7be0f,2019,2022,1,Art,Lawyer,Male,A,C,A,B,B,C,D,C,,,,,,,,,,,E,,
ecacd154-3077-4d11-8a58-d8f235c35776,2019,2022,3,Science,Agriculturist,Male,B,C,A,B,,,,,,,,,,C,A,D,,,,B,
4d518af4-5bb8-4294-9b28-b55588433c9a,2019,2022,1,Art,Lawyer,Male,D,C,C,D,E,D,D,C,,,,,,A,,,,,,,
ecac8cdb-27c1-49fb-83b4-c4b48bfe38d9,2019,2022,2,Commercial,Business Executive,Female,C,D,C,B,,,,,B,E,D,A,C,,,,,,,,
6f49f093-27cd-48cd-840c-21846c5bd4b2,2019,2022,1,Art,Writer,Female,D,D,B,A,F,E,B,C,D,,,,,,,,,,,,
07628e9b-e226-4570-bbee-151611623cf8,2019,2022,2,Commercial,Auditor,Female,D,D,E,B,,,,,,D,C,C,C,,,,,,E,,
2ae33abc-6885-4bef-851e-1a2e792eecce,2019,2022,1,Art,Brand Specialist,Female,D,B,C,B,D,D,C,A,,,,,,,,,,,C,,
ea4c1589-19ce-42e3-8ea0-6038583102a5,2019,2022,3,Science,Architect,Male,C,D,A,B,,,,,,,,,,D,C,C,,,,,D
6ea11b34-d313-4561-94f2-6e552617e2b1,2019,2022,3,Science,Scientist,Male,C,C,A,A,,,,,,,,,,,A,D,,D,C,,
935073bd-bd9b-4ebf-aa34-d951d8836cb5,2019,2022,3,Science,Biologist,Female,C,C,A,E,,,,,,,,,,,C,C,,B,B,,
7c53ad9d-d8fb-48b4-b4dd-51b46f62c65c,2019,2022,3,Science,Doctor,Male,B,D,A,B,,,,,,,,,,,B,B,,B,F,,
936378b0-9641-4f85-bc93-ddec47ed2181,2019,2022,2,Commercial,Accountant,Female,D,B,C,B,,,,,C,A,D,D,C,,,,,,,,
a81ef1b4-e432-4227-8c58-f3ec4214ddfd,2019,2022,1,Art,Writer,Male,E,C,B,E,C,C,B,E,C,,,,,,,,,,,,
d264070b-936a-4d1b-94a6-add1d304eb12,2019,2022,2,Commercial,Accountant,Female,A,C,C,C,,,,,,D,C,C,F,,,,,,B,,
2c4886a7-7d35-47b1-8643-11c9db49e498,2019,2022,2,Commercial,Business Executive,Male,D,D,B,B,,,,,,D,B,E,C,,,,,,C,,
5828945f-74fd-4893-b682-0cc68d4a84a0,2019,2022,3,Science,Agriculturist,Female,A,B,A,B,,,,,,,,,,A,F,B,,,,E,
f2e34ded-8ff7-4c04-afa6-a00ac8e1ac6d,2019,2022,3,Science,Architect,Female,D,D,D,B,,,,,F,,,,,,E,C,,,,,B
76d1bf64-8541-4a6e-8abc-7e726d06548e,2019,2022,2,Commercial,Accountant,Male,C,A,B,E,,,,,,B,B,E,B,D,,,,,,,
660e2672-20f5-4487-8f63-a5533b86d45b,2019,2022,1,Art,Writer,Female,F,B,C,C,E,C,C,D,,,,,,,,,,,A,,
80d7f74f-66ed-400e-9f50-969bfa5d4ff8,2019,2022,2,Commercial,Business Executive,Male,D,B,A,B,,,,,,B,B,E,D,B,,,,,,,
06bf9fbe-176f-460b-a7b0-3ed0a255b74a,2019,2022,3,Science,Scientist,Male,C,B,A,C,,,,,,,,,,,C,B,,A,E,,
97102481-8a8b-423a-a86b-04c28abbdea3,2019,2022,2,Commercial,Entrepreneur,Male,C,D,B,A,,,,,B,F,D,C,A,,,,,,,,
a081ac2f-ef8c-44ce-a702-5e9c7a3f81e1,2019,2022,2,Commercial,Accountant,Female,B,C,A,B,,,,,D,B,C,A,A,,,,,,,,
57d9ef4d-065b-42a7-8350-97de1e8f2cf1,2019,2022,2,Commercial,Entrepreneur,Female,F,B,C,B,,,,,,C,E,D,C,,,,,,A,,
f0851af7-c058-4952-be9e-b685554a6172,2019,2022,3,Science,Architect,Male,A,D,B,A,,,,,D,,,,,,D,C,,,,,F
0cb36725-d301-43ca-960c-d41273cfb315,2019,2022,2,Commercial,Accountant,Female,F,B,B,C,,,,,C,D,D,B,F,,,,,,,,
76e6d066-c7bd-4ec7-8c14-df6680e1f961,2019,2022,1,Art,Lawyer,Female,C,F,B,C,E,C,D,C,,,,,,,,,,,B,,
d6f0ca0b-25a3-41e2-a914-e145e1b6f7db,2019,2022,1,Art,Writer,Female,D,F,A,B,D,F,F,C,,,,,,B,,,,,,,
0f1a94f0-0c53-4ee5-99da-0bfc8cc79636,2019,2022,2,Commercial,Accountant,Male,C,D,D,C,,,,,,D,C,A,F,B,,,,,,,
85997725-5706-4d78-8695-dc1d411ca3f3,2019,2022,3,Science,Doctor,Male,D,F,C,D,,,,,,,,,,B,C,B,,A,,,
00d84247-e3a5-4d69-bd8d-fe539c1f724f,2019,2022,1,Art,Journalist,Male,E,A,C,B,D,B,B,E,,,,,,,,,,,E,,
bd82073f-99bf-47f6-bfbc-7be31a474729,2019,2022,1,Art,Writer,Male,D,F,A,B,F,D,A,C,A,,,,,,,,,,,,
fbf5a337-834e-4edd-b665-ee64e7e7f1ba,2019,2022,1,Art,Writer,Female,C,C,B,C,D,E,B,E,,,,,,D,,,,,,,
170e334b-ed1a-44d4-a525-8f635fb3e1e1,2019,2022,3,Science,Pharmacist,Female,B,D,B,B,,,,,,,,,,,A,A,,E,C,,
bbad4de9-e27a-46da-9bd2-e9c3e97ef379,2020,2023,2,Commercial,Business Executive,Male,D,C,B,A,,,,,,B,A,E,B,B,,,,,,,
0c01efa9-b951-4fd0-b1f5-6f32de2da881,2020,2023,1,Art,Fashion Designer,Male,B,F,C,D,C,F,B,F,,,,,,B,,,,,,,
3ff833e1-6f1d-4fe4-8baa-e901cf531a3e,2020,2023,3,Science,Scientist,Female,C,B,D,A,,,,,D,,,,,,A,C,,C,,,
eb22f43f-669f-4088-b1c5-61b75e6fb9b8,2020,2023,2,Commercial,Entrepreneur,Male,C,F,B,D,,,,,C,B,B,C,D,,,,,,,,
d3f80ba2-6d02-4b19-aa29-0c8e89b78e66,2020,2023,3,Science,Architect,Female,B,D,D,A,,,,,,,,,,,B,C,,,D,,B
63a2149b-00bc-44b7-b439-0d5f261dacbb,2020,2023,1,Art,Journalist,Male,A,A,D,D,F,C,F,C,,,,,,,,,,,C,,
cf9ee783-f163-41e8-ab12-440218cbd3e2,2020,2023,3,Science,Doctor,Female,B,D,B,C,,,,,,,,,,,A,D,,C,C,,
c38d3b1c-35cf-4a3b-bbec-2777fd11e887,2020,2023,3,Science,Food Nutritionist,Male,D,B,B,A,,,,,,,,,,,F,F,E,,C,,
55448360-ac6e-49e3-bbc3-296bb41e1457,2020,2023,1,Art,Fashion Designer,Male,D,D,D,B,F,A,B,D,,,,,,B,,,,,,,
b0b63cb2-9616-4722-9ebc-db68b893725b,2020,2023,3,Science,Pharmacist,Female,C,E,B,C,,,,,,,,,,A,A,C,,D,,,
960fa6dc-2a4e-42f5-beb2-01c02e6583be,2020,2023,2,Commercial,Business Executive,Female,C,C,D,C,,,,,,A,A,B,E,,,,,,C,,
50efe869-44b2-4122-b6e0-94f37b2428c7,2020,2023,2,Commercial,Accountant,Male,C,C,C,C,,,,,,D,B,D,C,,,,,,B,,
3bb3718a-e981-4cbd-ba37-f778d93329ab,2020,2023,3,Science,Doctor,Male,D,B,A,B,,,,,E,,,,,,E,D,,B,,,
c2873915-0811-405e-9a17-59a8d043cab7,2020,2023,1,Art,Content Creator,Female,D,C,D,B,D,D,F,B,,,,,,,,,,,B,,
149bf5b0-8d4f-449f-a1c7-a4e4b4c3382a,2020,2023,2,Commercial,Entrepreneur,Female,F,E,C,C,,,,,A,C,C,D,E,,,,,,,,
bd01b476-b2c8-4b2b-a796-fdf06991656d,2020,2023,1,Art,Journalist,Male,E,B,A,B,D,A,E,A,E,,,,,,,,,,,,
9614d085-4376-4093-a810-f9d61ffb3191,2020,2023,2,Commercial,Entrepreneur,Female,B,B,D,C,,,,,E,A,D,C,E,,,,,,,,
0f935e2a-8b20-4fae-b525-d508f261e746,2020,2023,2,Commercial,Accountant,Male,C,E,A,C,,,,,,D,E,B,C,,,,,,C,,
a1277637-fc0b-44e8-ad56-cfe4ec25998d,2020,2023,1,Art,Brand Specialist,Male,C,A,B,C,B,D,F,A,,,,,,E,,,,,,,
742f289d-a4af-4a32-bcc4-da4daa6b30b7,2020,2023,2,Commercial,Economist,Female,C,C,B,B,,,,,E,C,B,B,B,,,,,,,,
f8644c4e-c52a-4d6b-916f-2a8be9bc7263,2020,2023,1,Art,Lawyer,Male,C,C,A,B,A,D,B,C,,,,,,,,,,,D,,
b65b3e1a-c5da-4152-8bc5-6db9d2aa461d,2020,2023,1,Art,Lawyer,Male,D,D,C,D,F,C,E,F,,,,,,,,,,,C,,
ae9af5c2-ce7a-4813-bedc-5429b5d0b075,2020,2023,3,Science,Pharmacist,Female,C,B,C,C,,,,,C,,,,,,D,D,,C,,,
1dae35a6-5ff8-45c9-83b4-c6cd01bb2ebc,2020,2023,3,Science,Agriculturist,Female,F,B,C,D,,,,,C,,,,,,B,C,,,,D,
60f53e3e-8763-4dfe-8dee-9c77ee8f5390,2020,2023,3,Science,Biologist,Male,E,F,B,D,,,,,F,,,,,,D,A,,E,,,
d66c08a3-2d81-4aee-bbc9-7b0024d966df,2020,2023,2,Commercial,Business Executive,Female,C,D,D,E,,,,,,C,F,C,D,,,,,,E,,
af0d2f6b-eaf6-49b2-8eb2-d369a415a76a,2020,2023,2,Commercial,Marketer,Male,E,E,B,C,,,,,,B,C,F,C,,,,,,D,,
58d72f71-301f-4014-839f-abf9f370b9e5,2020,2023,3,Science,Architect,Male,F,F,B,A,,,,,,,,,,,D,B,,,A,,B
a169f265-e995-49af-a1a4-6e71e5d06078,2020,2023,2,Commercial,Auditor,Male,F,E,D,A,,,,,B,E,B,A,C,,,,,,,,
700150c3-e975-4cdc-a621-10adc9653157,2020,2023,3,Science,Doctor,Male,C,D,C,C,,,,,,,,,,,F,C,,B,B,,
1b3d643a-bd89-46f4-92c5-63c2122469e4,2020,2023,1,Art,Journalist,Male,C,B,C,B,F,D,B,B,,,,,,B,,,,,,,
e20096f5-f6be-4369-94d1-d4630e9151e6,2020,2023,2,Commercial,Auditor,Male,C,A,B,C,,,,,B,B,F,C,B,,,,,,,,
89b8fd53-38c9-4f97-851f-cdc764bc2259,2020,2023,3,Science,Agriculturist,Female,E,D,D,C,,,,,F,,,,,,B,B,,,,C,
6334d8da-955e-4a42-bfde-1c8cea5bbd8c,2020,2023,1,Art,Lawyer,Male,A,F,C,B,C,C,F,C,D,,,,,,,,,,,,
eb7a9f8a-683f-4652-8157-0028b2037ca9,2020,2023,3,Science,Doctor,Female,D,A,C,C,,,,,,,,,,,D,C,,F,D,,
752348ce-bcce-49ae-b818-3521bfe341dd,2020,2023,1,Art,Journalist,Female,C,E,C,B,E,B,C,D,,,,,,B,,,,,,,
be60619d-af50-41c4-8d72-24bbf6b5cf9b,2020,2023,1,Art,Journalist,Female,E,F,A,B,B,B,C,F,,,,,,D,,,,,,,
1a29173e-c759-4a85-b7f1-f6ecd4251368,2020,2023,1,Art,Journalist,Male,E,D,B,A,E,E,C,D,F,,,,,,,,,,,,
f45aae35-84cf-4932-920d-9d2494cb5a76,2020,2023,1,Art,Content Creator,Female,B,C,C,A,C,C,C,D,,,,,,E,,,,,,,
9aa2e2cb-8b68-433b-b719-18ff84f2383d,2020,2023,2,Commercial,Auditor,Male,E,C,C,C,,,,,,B,C,C,D,,,,,,F,,
7fb2ddac-e55f-4321-8004-a84bb943aaa7,2020,2023,2,Commercial,Entrepreneur,Female,B,A,B,D,,,,,C,C,E,D,E,,,,,,,,
352369c3-52e7-400b-a033-2515f47991cd,2020,2023,2,Commercial,Entrepreneur,Male,C,E,C,C,,,,,D,C,D,B,D,,,,,,,,
82922d72-79d6-4fed-bb3e-981182c90721,2020,2023,1,Art,Lawyer,Male,C,F,C,D,F,B,C,C,,,,,,C,,,,,,,
40de1b96-6707-42e2-b49a-2ceff794c4d8,2020,2023,1,Art,Writer,Male,C,D,B,B,C,B,C,E,,,,,,F,,,,,,,
e318c400-90c2-403a-91a2-868d6abe1a89,2020,2023,3,Science,Architect,Female,A,D,C,A,,,,,,,,,,,D,B,,,D,,D
218f3c6e-6818-4a2b-9353-86a08d0fa1f1,2020,2023,3,Science,Agriculturist,Male,B,F,C,C,,,,,,,,,,D,F,B,,,,E,
2a3a2bf5-5e5c-4a97-995d-211c6ac46607,2020,2023,2,Commercial,Accountant,Female,B,F,C,B,,,,,,C,A,C,D,,,,,,D,,
b77eed9e-11c5-42bf-a896-18996f639ba1,2020,2023,3,Science,Food Nutritionist,Female,E,C,B,D,,,,,,,,,,C,C,D,C,,,,
b6e40d32-c802-46f5-8271-4a353fbeb566,2020,2023,2,Commercial,Economist,Female,C,A,C,A,,,,,,E,B,B,D,,,,,,A,,
78b4995f-a864-4b75-8022-8f02b5f67156,2020,2023,3,Science,Agriculturist,Male,C,D,D,D,,,,,C,,,,,,D,D,,,,B,
22197fe5-0ad1-42be-aa67-2a7b9570c5fb,2020,2023,3,Science,Food Nutritionist,Male,F,F,A,C,,,,,B,,,,,,E,B,F,,,,
53391beb-1f2f-4942-b907-b58959272f03,2020,2023,3,Science,Biologist,Female,C,B,B,B,,,,,,,,,,,C,D,,D,F,,
c4d8660c-3151-41f2-bf1b-2af8b710591b,2020,2023,3,Science,Biologist,Male,E,D,E,E,,,,,,,,,,,A,B,,C,C,,
85580ac4-7cdb-4981-a6f4-6a4b49620346,2020,2023,3,Science,Pharmacist,Male,C,B,A,C,,,,,E,,,,,,A,B,,A,,,
5b25cec9-2ca3-404b-b20f-6290e9f551b9,2020,2023,2,Commercial,Marketer,Male,D,F,C,A,,,,,A,B,C,B,C,,,,,,,,
0baba928-ef04-4a0d-9cde-f2fcfebe29f2,2020,2023,2,Commercial,Entrepreneur,Male,D,D,C,B,,,,,,C,A,D,B,B,,,,,,,
fb7481f1-442e-4cba-89fd-450feecd9083,2020,2023,1,Art,Fashion Designer,Female,C,A,A,B,C,C,A,D,,,,,,,,,,,D,,
4af32453-4a06-4dce-9c27-d444c2388743,2020,2023,1,Art,Brand Specialist,Male,C,B,B,C,C,B,C,B,,,,,,,,,,,A,,
cb2cedde-2eaa-439f-b2e6-4c5085f2a2fa,2020,2023,2,Commercial,Business Executive,Male,B,B,A,C,,,,,B,C,A,E,C,,,,,,,,
b9a9f97b-bdd7-4054-91c4-c1329c49186b,2020,2023,2,Commercial,Economist,Female,C,A,C,B,,,,,,C,C,B,C,,,,,,B,,
56699ecc-bc7a-4f4f-a6ac-07c34f0d9ae5,2020,2023,2,Commercial,Economist,Female,E,A,B,E,,,,,D,D,F,E,D,,,,,,,,
6fefc13d-a4fc-40af-8efd-d5fef1847bde,2020,2023,1,Art,Lawyer,Female,E,A,D,B,E,D,A,D,,,,,,,,,,,E,,
3b3fa3cb-0f38-497b-80bf-b12a5bd7c196,2020,2023,2,Commercial,Economist,Male,B,F,D,B,,,,,,F,B,D,D,C,,,,,,,
d4a3aaac-a2ae-485d-9c1a-4df6027a5271,2020,2023,2,Commercial,Accountant,Male,B,D,B,B,,,,,D,C,D,F,C,,,,,,,,
03ec17c7-d3ac-4038-af62-59d090a13a2a,2020,2023,2,Commercial,Business Executive,Female,C,E,D,A,,,,,,E,C,D,D,D,,,,,,,
788c7ba7-1eae-412f-ac22-0043fcc348bd,2020,2023,2,Commercial,Entrepreneur,Male,F,D,A,D,,,,,,E,C,C,C,B,,,,,,,
d90ed99e-232c-4958-b828-8f1c2ac3cb20,2020,2023,3,Science,Architect,Male,D,A,A,B,,,,,,,,,,,F,A,,,D,,D
a81c061d-c42c-4cbe-9aa3-d85b44f73a8d,2020,2023,2,Commercial,Auditor,Female,C,D,B,A,,,,,,C,B,B,D,,,,,,C,,
3cfe9ff1-d4d8-4fd8-91eb-362f69c7f479,2020,2023,1,Art,Brand Specialist,Male,C,C,A,D,B,A,B,E,,,,,,,,,,,C,,
e48cf09c-eeed-48f8-903d-255025222540,2020,2023,1,Art,Artist,Male,F,A,B,A,C,C,F,A,,,,,,,,,,,A,,
21943594-c3f7-4b38-8e9e-1de59b4747b4,2020,2023,2,Commercial,Auditor,Female,E,C,E,B,,,,,,F,B,C,A,D,,,,,,,
714ea4b5-d298-4577-ad6e-b743c82058b0,2020,2023,3,Science,Architect,Male,E,C,D,C,,,,,,,,,,C,C,E,,,,,D
c904626d-8039-4f06-8059-8eff8fda173c,2020,2023,1,Art,Actor,Female,F,C,B,D,B,C,E,E,,,,,,,,,,,C,,
34d0a560-01b6-42f3-bfb4-f1153d2326a2,2020,2023,1,Art,Content Creator,Female,C,A,C,A,D,B,F,C,,,,,,,,,,,E,,
5899b746-d51c-4c2e-b8bf-b957ead738d6,2020,2023,2,Commercial,Auditor,Male,B,F,A,B,,,,,E,A,E,E,B,,,,,,,,
733cceb0-d917-4fab-931f-4bc7138eac9c,2020,2023,2,Commercial,Auditor,Female,F,E,B,E,,,,,,A,E,B,C,B,,,,,,,
8def5fb2-f4f7-4f47-9003-2e536d0ae82c,2020,2023,2,Commercial,Accountant,Female,D,A,B,A,,,,,,C,A,B,B,,,,,,D,,
2e3a5ed6-a102-4674-900f-121affed9450,2020,2023,3,Science,Agriculturist,Female,C,B,D,B,,,,,C,,,,,,C,D,,,,A,
a8ae72a5-a8af-454e-bf85-fcf52886975e,2020,2023,1,Art,Journalist,Female,B,F,A,B,C,B,D,D,,,,,,,,,,,D,,
024ff766-7be7-4477-8f21-6d27822afc61,2020,2023,1,Art,Fashion Designer,Male,B,C,B,A,D,E,C,E,,,,,,B,,,,,,,
eb9cfde1-6cc6-413a-a143-424002973b36,2020,2023,2,Commercial,Auditor,Male,B,E,B,A,,,,,,D,B,C,E,,,,,,D,,
e2ac131e-9672-4b38-93d4-84f08426766f,2020,2023,3,Science,Agriculturist,Male,B,D,A,B,,,,,,,,,,E,C,C,,,,F,
221dddb6-6b4e-4786-ac2b-3f99ec159460,2020,2023,3,Science,Food Nutritionist,Female,E,D,A,D,,,,,,,,,,,D,F,D,,F,,
cfa68dc3-4948-4460-b188-909231f79a7f,2020,2023,1,Art,Artist,Female,D,B,C,B,D,D,C,F,,,,,,,,,,,C,,
e941ee3f-271f-44bc-8113-1f7f0afaa145,2020,2023,3,Science,Food Nutritionist,Male,F,E,B,C,,,,,,,,,,B,C,A,B,,,,
4e4abe06-7a63-43c2-86be-2e635cf62d16,2020,2023,1,Art,Brand Specialist,Male,C,D,C,A,B,F,B,E,,,,,,E,,,,,,,
c2f5b929-dbc7-4e3f-81f0-4051c9b0b7c6,2020,2023,2,Commercial,Business Executive,Male,A,C,A,C,,,,,,C,D,E,D,,,,,,B,,
16c85746-667c-419c-8f44-ea84ddcf7009,2020,2023,1,Art,Lawyer,Female,B,B,B,B,C,E,F,A,C,,,,,,,,,,,,
68966bed-6200-40d8-90f7-370e4ed80244,2020,2023,3,Science,Biologist,Female,E,C,B,B,,,,,,,,,,,D,D,,F,D,,
3bb66c01-2723-4018-81f1-cc1bc7042573,2020,2023,2,Commercial,Marketer,Female,E,B,D,B,,,,,,D,C,C,D,C,,,,,,,
058cd790-f30d-4cec-b196-23e3a234f4e7,2020,2023,2,Commercial,Marketer,Female,E,D,B,C,,,,,,C,C,D,C,C,,,,,,,
0067655b-4cb4-4158-8af5-f40441c18fe7,2020,2023,1,Art,Fashion Designer,Female,E,B,B,D,B,D,D,E,,,,,,,,,,,A,,
829782f6-b093-47b5-995e-07124f663526,2020,2023,1,Art,Writer,Male,E,C,B,B,B,E,F,D,F,,,,,,,,,,,,
70e8754a-0e3e-4b03-b0e9-adecb7ad6371,2020,2023,3,Science,Scientist,Male,F,E,B,A,,,,,E,,,,,,A,D,,C,,,
5b845644-7d2c-4682-a209-676677ec1565,2020,2023,2,Commercial,Auditor,Female,C,C,A,D,,,,,C,B,F,D,D,,,,,,,,
4af5dff7-e616-410d-9423-5dec17c08487,2020,2023,3,Science,Scientist,Female,C,B,D,A,,,,,,,,,,B,B,C,,B,,,
c5ce3762-e731-4779-b06c-e5da07dcc192,2020,2023,2,Commercial,Business Executive,Male,C,C,B,C,,,,,,C,D,A,D,,,,,,B,,
ed59e6d9-a129-434f-8b44-6f2d95fc6008,2020,2023,2,Commercial,Entrepreneur,Female,C,A,D,D,,,,,,C,A,D,E,B,,,,,,,
dbd4e650-77b1-4617-95b1-d2515c25af23,2020,2023,1,Art,Artist,Male,E,C,B,B,D,F,A,C,,,,,,C,,,,,,,
6d955279-faf8-4944-90a6-a127d7b58c91,2020,2023,1,Art,Artist,Male,D,A,C,D,A,B,D,D,,,,,,A,,,,,,,
bb9c731e-90be-466f-bab5-e041a2055cbe,2020,2023,1,Art,Journalist,Male,D,C,D,D,C,C,B,D,F,,,,,,,,,,,,
7cdb5f7f-acaa-4cd1-be56-c68606cc365c,2020,2023,3,Science,Scientist,Female,C,B,A,C,,,,,,,,,,,D,D,,C,C,,
5c1e2189-564e-470a-a459-118fc22c2762,2020,2023,2,Commercial,Business Executive,Male,C,D,A,C,,,,,,A,E,B,B,B,,,,,,,
47bcc495-18b3-4935-b892-ba26015a72e5,2020,2023,1,Art,Actor,Male,C,E,B,B,D,B,B,B,,,,,,,,,,,E,,
7231ba0f-5a90-49e4-a47f-f8d320730422,2020,2023,2,Commercial,Marketer,Female,B,A,B,E,,,,,,A,F,C,B,F,,,,,,,
ab50c420-ff4b-4371-af05-f437f4380c02,2020,2023,2,Commercial,Entrepreneur,Male,A,B,B,C,,,,,,C,B,C,D,E,,,,,,,
d7e49e84-4226-4c0c-9068-900d686b8126,2020,2023,3,Science,Pharmacist,Female,F,E,B,A,,,,,,,,,,,B,A,,C,C,,
e3926e54-afea-4313-9705-aeedc11dcf9e,2020,2023,3,Science,Scientist,Female,C,D,C,C,,,,,,,,,,,D,C,,C,B,,
c8977748-e8da-4384-8eeb-fad991206bc6,2020,2023,1,Art,Fashion Designer,Female,E,C,B,B,C,C,C,C,C,,,,,,,,,,,,
9f8565d4-1fec-4d91-970d-dedcf89ce4b1,2020,2023,3,Science,Agriculturist,Male,C,C,A,A,,,,,,,,,,,D,D,,,C,B,
1bb02051-43ad-45b3-bd6e-1dca1520a7b8,2020,2023,1,Art,Fashion Designer,Female,B,A,D,C,B,A,B,E,,,,,,,,,,,C,,
7cfe70e4-acda-44aa-91c1-584c5740a983,2020,2023,2,Commercial,Marketer,Female,B,D,B,C,,,,,D,B,C,C,B,,,,,,,,
24267fdb-3e29-4f71-bca6-4d25ef2c194c,2020,2023,2,Commercial,Auditor,Female,E,C,B,D,,,,,,C,B,A,C,,,,,,C,,
19bd3ab0-acc2-47e6-8657-d024177f28f3,2020,2023,1,Art,Fashion Designer,Male,D,A,A,A,D,D,B,B,,,,,,A,,,,,,,
6a1e25b1-ce4b-4f39-ae31-98ab941668ce,2020,2023,1,Art,Fashion Designer,Male,E,C,B,B,D,D,B,F,,,,,,,,,,,D,,
5d8ad5ee-747a-4787-b51d-bdc7f841b1b5,2020,2023,3,Science,Agriculturist,Female,A,F,D,B,,,,,,,,,,,B,A,,,F,C,
21614d90-2147-4b0c-a67f-842543900e72,2020,2023,1,Art,Fashion Designer,Female,F,A,C,E,D,D,D,E,,,,,,F,,,,,,,
e3a453cf-a910-4586-9ecb-1d754b72ef95,2020,2023,2,Commercial,Accountant,Male,C,E,D,B,,,,,B,C,D,E,F,,,,,,,,
d0aa6b6f-4b63-4cd3-b1c2-d4571c598524,2020,2023,3,Science,Doctor,Male,C,C,C,B,,,,,B,,,,,,B,B,,B,,,
9e4a370c-0c4f-4e20-a4d7-7d232d376591,2020,2023,2,Commercial,Accountant,Female,C,A,B,D,,,,,,B,B,B,F,C,,,,,,,
93c3e6b2-e1f5-4ef8-ad54-80284ae57328,2020,2023,2,Commercial,Economist,Female,A,C,B,B,,,,,C,D,C,C,C,,,,,,,,
0f0a2e8f-fc0e-4bd1-bb4e-8ee47e91c785,2020,2023,3,Science,Doctor,Female,E,C,A,E,,,,,D,,,,,,F,C,,A,,,
a4db0489-3467-462c-8ad1-e64bb9d4adce,2020,2023,3,Science,Biologist,Female,C,B,C,A,,,,,,,,,,C,F,D,,F,,,
ccc89997-845d-4025-b8dd-c8983568a400,2020,2023,1,Art,Content Creator,Male,C,C,C,B,D,A,D,E,,,,,,F,,,,,,,
0649c781-f17f-427c-8bb0-780a33b29ee9,2020,2023,1,Art,Brand Specialist,Female,C,E,B,C,C,C,A,C,,,,,,C,,,,,,,
34807798-f71c-4644-a33f-bfc9bc57d769,2020,2023,1,Art,Fashion Designer,Male,D,B,D,A,F,B,B,C,B,,,,,,,,,,,,
207d1986-2675-44ae-bfc6-a6f975ea7aea,2020,2023,2,Commercial,Accountant,Male,D,C,A,E,,,,,,E,E,E,B,C,,,,,,,
340118f8-c41c-4b7d-86d5-2c5d142c6f89,2020,2023,3,Science,Food Nutritionist,Male,D,B,B,C,,,,,A,,,,,,F,F,A,,,,
c271e512-d759-44ef-8fd8-c441d066259d,2020,2023,3,Science,Doctor,Male,B,B,D,A,,,,,,,,,,D,E,B,,C,,,
b09391b9-6085-4f0c-91ea-3a6fddaef60f,2020,2023,2,Commercial,Entrepreneur,Male,D,A,C,D,,,,,A,A,C,E,B,,,,,,,,
181f6ba2-0bd4-49b5-8989-53b40760db40,2020,2023,3,Science,Architect,Female,B,F,E,A,,,,,D,,,,,,C,B,,,,,C
32f0d0a7-7797-48fa-bf0f-23cd1e025cc3,2020,2023,2,Commercial,Entrepreneur,Female,C,B,C,C,,,,,,B,C,D,D,,,,,,E,,
b37f2932-8a68-4c31-8a3e-b60d7efcab41,2020,2023,3,Science,Scientist,Male,C,C,B,A,,,,,,,,,,D,F,C,,D,,,
7cc893ab-4fb4-4387-99e0-dcc3eab6e179,2020,2023,2,Commercial,Business Executive,Female,E,F,C,B,,,,,,D,D,D,E,C,,,,,,,
c42fcc68-2412-4018-9263-47734f5fbd37,2020,2023,3,Science,Food Nutritionist,Female,C,D,C,C,,,,,F,,,,,,C,F,A,,,,
062de0b5-6b15-49b6-9d49-e1f1f2715d1f,2020,2023,1,Art,Artist,Male,A,C,D,C,F,B,A,C,A,,,,,,,,,,,,
c7ef00d5-fe47-4733-a9a4-48d713ef47af,2020,2023,2,Commercial,Auditor,Female,B,C,C,C,,,,,,B,D,C,E,F,,,,,,,
c271a55e-ac2b-4f27-8320-219532a444c4,2020,2023,3,Science,Food Nutritionist,Female,C,C,B,C,,,,,,,,,,F,C,C,B,,,,
14cb8837-a22b-495f-908b-f5ad4f2b7c6f,2020,2023,3,Science,Architect,Male,B,C,C,D,,,,,,,,,,A,B,C,,,,,B
80f6b760-ed13-46c7-ac38-92d552bc821e,2020,2023,3,Science,Pharmacist,Female,D,F,A,D,,,,,,,,,,D,E,D,,C,,,
d5e3bb18-8d4c-4fa0-942a-89c18daaf169,2020,2023,3,Science,Doctor,Male,C,A,B,B,,,,,,,,,,A,E,D,,F,,,
30d1ea01-a0f4-4d68-bffd-53862f08ff10,2020,2023,2,Commercial,Auditor,Female,F,C,C,C,,,,,,C,D,F,D,,,,,,F,,
f54b74f9-c11d-4113-addd-a50badecb0d5,2020,2023,1,Art,Actor,Male,D,F,C,C,C,C,A,C,A,,,,,,,,,,,,
42264123-f254-49ec-b357-80ba8a03eefa,2020,2023,1,Art,Content Creator,Female,E,B,A,C,C,B,C,C,,,,,,,,,,,C,,
887489cc-c6aa-434a-9ef6-f0477210da9e,2020,2023,3,Science,Food Nutritionist,Male,C,B,D,C,,,,,,,,,,,D,C,E,,A,,
11b51297-4cf3-478b-a4ac-35f1782d3f1b,2020,2023,3,Science,Food Nutritionist,Male,E,C,A,D,,,,,,,,,,,B,E,D,,B,,
ebf43bfe-e2c5-4e28-8993-899ec5c3fa4e,2020,2023,2,Commercial,Auditor,Male,C,C,C,B,,,,,E,E,C,C,A,,,,,,,,
dd5b7851-6bb7-4fd6-b279-3bbd0bbcd28e,2020,2023,1,Art,Journalist,Male,D,C,B,C,A,E,C,D,C,,,,,,,,,,,,
f4b0f909-2999-46bc-abef-d9b9ad1e5604,2020,2023,3,Science,Pharmacist,Male,D,D,C,B,,,,,,,,,,C,B,C,,B,,,
a591ef24-d758-4467-a517-98b0e3d40975,2020,2023,3,Science,Biologist,Male,C,D,A,B,,,,,A,,,,,,C,E,,E,,,
